{"mse": 16136.248386833593, "rmse": 126.24980046942112, "mae": 100.28523465990442, "mape": 0.3131513107347385, "mdape": 0.21627183397764332, "smape": 0.2600068353821868, "coverage": 0.738095238095238}