{"mse": 8736.19757939936, "rmse": 85.33717603328513, "mae": 57.31845708955388, "mape": 0.1697785024588608, "mdape": 0.12603361504550312, "smape": 0.15417195097165917, "coverage": 0.7519841269841272}